ProviderID,City,State,ZIPCode,PhoneNumber,Score
10001,DOTHAN,AL,36301,3347938701,1.03
10001,DOTHAN,AL,36301,3347938701,2.765
10001,DOTHAN,AL,36301,3347938701,7117
10001,DOTHAN,AL,36301,3347938701,9.198
10001,DOTHAN,AL,36301,3347938701,16
10001,DOTHAN,AL,36301,3347938701,1.74
10001,DOTHAN,AL,36301,3347938701,1.13
10001,DOTHAN,AL,36301,3347938701,4.62
10001,DOTHAN,AL,36301,3347938701,2191
10001,DOTHAN,AL,36301,3347938701,3.288
10001,DOTHAN,AL,36301,3347938701,8
10001,DOTHAN,AL,36301,3347938701,2.433
10001,DOTHAN,AL,36301,3347938701,0.974
10001,DOTHAN,AL,36301,3347938701,2.023
10001,DOTHAN,AL,36301,3347938701,14326
10001,DOTHAN,AL,36301,3347938701,20.321
10001,DOTHAN,AL,36301,3347938701,29
10001,DOTHAN,AL,36301,3347938701,1.427
10001,DOTHAN,AL,36301,3347938701,1.41
10001,DOTHAN,AL,36301,3347938701,3.575
10001,DOTHAN,AL,36301,3347938701,6502
10001,DOTHAN,AL,36301,3347938701,7.803
10001,DOTHAN,AL,36301,3347938701,18
10001,DOTHAN,AL,36301,3347938701,2.307
10001,DOTHAN,AL,36301,3347938701,0.95
10001,DOTHAN,AL,36301,3347938701,3.334
10001,DOTHAN,AL,36301,3347938701,156
10001,DOTHAN,AL,36301,3347938701,5.347
10001,DOTHAN,AL,36301,3347938701,10
10001,DOTHAN,AL,36301,3347938701,1.87
10001,DOTHAN,AL,36301,3347938701,NotAvailable
10001,DOTHAN,AL,36301,3347938701,1.741
10001,DOTHAN,AL,36301,3347938701,154
10001,DOTHAN,AL,36301,3347938701,1.721
10001,DOTHAN,AL,36301,3347938701,0
10001,DOTHAN,AL,36301,3347938701,0
10001,DOTHAN,AL,36301,3347938701,0.107
10001,DOTHAN,AL,36301,3347938701,1.148
10001,DOTHAN,AL,36301,3347938701,83773
10001,DOTHAN,AL,36301,3347938701,7.111
10001,DOTHAN,AL,36301,3347938701,3
10001,DOTHAN,AL,36301,3347938701,0.422
10001,DOTHAN,AL,36301,3347938701,0.562
10001,DOTHAN,AL,36301,3347938701,1.073
10001,DOTHAN,AL,36301,3347938701,81130
10001,DOTHAN,AL,36301,3347938701,47.018
10001,DOTHAN,AL,36301,3347938701,37
10001,DOTHAN,AL,36301,3347938701,0.787
10005,BOAZ,AL,35957,2565938310,0.337
10005,BOAZ,AL,35957,2565938310,2.561
10005,BOAZ,AL,35957,2565938310,2786
10005,BOAZ,AL,35957,2565938310,3.767
10005,BOAZ,AL,35957,2565938310,4
10005,BOAZ,AL,35957,2565938310,1.062
10005,BOAZ,AL,35957,2565938310,0.032
10005,BOAZ,AL,35957,2565938310,3.196
10005,BOAZ,AL,35957,2565938310,1028
10005,BOAZ,AL,35957,2565938310,1.543
10005,BOAZ,AL,35957,2565938310,1
10005,BOAZ,AL,35957,2565938310,0.648
10005,BOAZ,AL,35957,2565938310,0.167
10005,BOAZ,AL,35957,2565938310,1.011
10005,BOAZ,AL,35957,2565938310,7368
10005,BOAZ,AL,35957,2565938310,10.965
10005,BOAZ,AL,35957,2565938310,5
10005,BOAZ,AL,35957,2565938310,0.456
10005,BOAZ,AL,35957,2565938310,0.178
10005,BOAZ,AL,35957,2565938310,1.9
10005,BOAZ,AL,35957,2565938310,3305
10005,BOAZ,AL,35957,2565938310,4.297
10005,BOAZ,AL,35957,2565938310,3
10005,BOAZ,AL,35957,2565938310,0.698
10005,BOAZ,AL,35957,2565938310,0.019
10005,BOAZ,AL,35957,2565938310,1.901
10005,BOAZ,AL,35957,2565938310,74
10005,BOAZ,AL,35957,2565938310,2.594
10005,BOAZ,AL,35957,2565938310,1
10005,BOAZ,AL,35957,2565938310,0.386
10005,BOAZ,AL,35957,2565938310,NotAvailable
10005,BOAZ,AL,35957,2565938310,NotAvailable
10005,BOAZ,AL,35957,2565938310,43
10005,BOAZ,AL,35957,2565938310,0.454
10005,BOAZ,AL,35957,2565938310,0
10005,BOAZ,AL,35957,2565938310,NotAvailable
10005,BOAZ,AL,35957,2565938310,0.233
10005,BOAZ,AL,35957,2565938310,4.585
10005,BOAZ,AL,35957,2565938310,36123
10005,BOAZ,AL,35957,2565938310,1.441
10005,BOAZ,AL,35957,2565938310,2
10005,BOAZ,AL,35957,2565938310,1.388
10005,BOAZ,AL,35957,2565938310,0.177
10005,BOAZ,AL,35957,2565938310,0.801
10005,BOAZ,AL,35957,2565938310,36262
10005,BOAZ,AL,35957,2565938310,17.293
10005,BOAZ,AL,35957,2565938310,7
10005,BOAZ,AL,35957,2565938310,0.405
10006,FLORENCE,AL,35631,2567688400,0.138
10006,FLORENCE,AL,35631,2567688400,0.71
10006,FLORENCE,AL,35631,2567688400,11159
10006,FLORENCE,AL,35631,2567688400,17.577
10006,FLORENCE,AL,35631,2567688400,6
10006,FLORENCE,AL,35631,2567688400,0.341
10006,FLORENCE,AL,35631,2567688400,0.141
10006,FLORENCE,AL,35631,2567688400,1.068
10006,FLORENCE,AL,35631,2567688400,5377
10006,FLORENCE,AL,35631,2567688400,9.038
10006,FLORENCE,AL,35631,2567688400,4
10006,FLORENCE,AL,35631,2567688400,0.443
10006,FLORENCE,AL,35631,2567688400,0.373
10006,FLORENCE,AL,35631,2567688400,1.034
10006,FLORENCE,AL,35631,2567688400,13235
10006,FLORENCE,AL,35631,2567688400,23.383
10006,FLORENCE,AL,35631,2567688400,15
10006,FLORENCE,AL,35631,2567688400,0.641
10006,FLORENCE,AL,35631,2567688400,0.407
10006,FLORENCE,AL,35631,2567688400,1.427
10006,FLORENCE,AL,35631,2567688400,7399
10006,FLORENCE,AL,35631,2567688400,12.488
10006,FLORENCE,AL,35631,2567688400,10
10006,FLORENCE,AL,35631,2567688400,0.801
10006,FLORENCE,AL,35631,2567688400,0.016
10006,FLORENCE,AL,35631,2567688400,1.529
10006,FLORENCE,AL,35631,2567688400,93
10006,FLORENCE,AL,35631,2567688400,3.226
10006,FLORENCE,AL,35631,2567688400,1
10006,FLORENCE,AL,35631,2567688400,0.31
10006,FLORENCE,AL,35631,2567688400,NotAvailable
10006,FLORENCE,AL,35631,2567688400,NotAvailable
10006,FLORENCE,AL,35631,2567688400,55
10006,FLORENCE,AL,35631,2567688400,0.679
10006,FLORENCE,AL,35631,2567688400,2
10006,FLORENCE,AL,35631,2567688400,NotAvailable
10006,FLORENCE,AL,35631,2567688400,0.401
10006,FLORENCE,AL,35631,2567688400,3.04
10006,FLORENCE,AL,35631,2567688400,64858
10006,FLORENCE,AL,35631,2567688400,3.173
10006,FLORENCE,AL,35631,2567688400,4
10006,FLORENCE,AL,35631,2567688400,1.261
10006,FLORENCE,AL,35631,2567688400,0.309
10006,FLORENCE,AL,35631,2567688400,0.805
10006,FLORENCE,AL,35631,2567688400,62157
10006,FLORENCE,AL,35631,2567688400,33.115
10006,FLORENCE,AL,35631,2567688400,17
10006,FLORENCE,AL,35631,2567688400,0.513
10007,OPP,AL,36467,3344933541,NotAvailable
10007,OPP,AL,36467,3344933541,NotAvailable
10007,OPP,AL,36467,3344933541,48
10007,OPP,AL,36467,3344933541,0.11
10007,OPP,AL,36467,3344933541,0
10007,OPP,AL,36467,3344933541,NotAvailable
10007,OPP,AL,36467,3344933541,NotAvailable
10007,OPP,AL,36467,3344933541,NotAvailable
10007,OPP,AL,36467,3344933541,48
10007,OPP,AL,36467,3344933541,0.11
10007,OPP,AL,36467,3344933541,0
10007,OPP,AL,36467,3344933541,NotAvailable
10007,OPP,AL,36467,3344933541,NotAvailable
10007,OPP,AL,36467,3344933541,1.936
10007,OPP,AL,36467,3344933541,693
10007,OPP,AL,36467,3344933541,1.547
10007,OPP,AL,36467,3344933541,0
10007,OPP,AL,36467,3344933541,0
10007,OPP,AL,36467,3344933541,NotAvailable
10007,OPP,AL,36467,3344933541,NotAvailable
10007,OPP,AL,36467,3344933541,329
10007,OPP,AL,36467,3344933541,0.855
10007,OPP,AL,36467,3344933541,0
10007,OPP,AL,36467,3344933541,NotAvailable
10007,OPP,AL,36467,3344933541,NotAvailable
10007,OPP,AL,36467,3344933541,NotAvailable
10007,OPP,AL,36467,3344933541,11
10007,OPP,AL,36467,3344933541,0.294
10007,OPP,AL,36467,3344933541,0
10007,OPP,AL,36467,3344933541,NotAvailable
10007,OPP,AL,36467,3344933541,NotAvailable
10007,OPP,AL,36467,3344933541,NotAvailable
10007,OPP,AL,36467,3344933541,NotAvailable
10007,OPP,AL,36467,3344933541,NotAvailable
10007,OPP,AL,36467,3344933541,NotAvailable
10007,OPP,AL,36467,3344933541,NotAvailable
10007,OPP,AL,36467,3344933541,NotAvailable
10007,OPP,AL,36467,3344933541,NotAvailable
10007,OPP,AL,36467,3344933541,6930
10007,OPP,AL,36467,3344933541,0.203
10007,OPP,AL,36467,3344933541,0
10007,OPP,AL,36467,3344933541,NotAvailable
10007,OPP,AL,36467,3344933541,NotAvailable
10007,OPP,AL,36467,3344933541,0.81
10007,OPP,AL,36467,3344933541,6930
10007,OPP,AL,36467,3344933541,3.699
10007,OPP,AL,36467,3344933541,0
10007,OPP,AL,36467,3344933541,0
10008,LUVERNE,AL,36049,3343353374,NotAvailable
10008,LUVERNE,AL,36049,3343353374,NotAvailable
10008,LUVERNE,AL,36049,3343353374,28
10008,LUVERNE,AL,36049,3343353374,0.042
10008,LUVERNE,AL,36049,3343353374,0
10008,LUVERNE,AL,36049,3343353374,NotAvailable
10008,LUVERNE,AL,36049,3343353374,NotAvailable
10008,LUVERNE,AL,36049,3343353374,NotAvailable
10008,LUVERNE,AL,36049,3343353374,NotAvailable
10008,LUVERNE,AL,36049,3343353374,NotAvailable
10008,LUVERNE,AL,36049,3343353374,NotAvailable
10008,LUVERNE,AL,36049,3343353374,NotAvailable
10008,LUVERNE,AL,36049,3343353374,NotAvailable
10008,LUVERNE,AL,36049,3343353374,NotAvailable
10008,LUVERNE,AL,36049,3343353374,215
10008,LUVERNE,AL,36049,3343353374,0.409
10008,LUVERNE,AL,36049,3343353374,2
10008,LUVERNE,AL,36049,3343353374,NotAvailable
10008,LUVERNE,AL,36049,3343353374,NotAvailable
10008,LUVERNE,AL,36049,3343353374,NotAvailable
10008,LUVERNE,AL,36049,3343353374,NotAvailable
10008,LUVERNE,AL,36049,3343353374,NotAvailable
10008,LUVERNE,AL,36049,3343353374,NotAvailable
10008,LUVERNE,AL,36049,3343353374,NotAvailable
10008,LUVERNE,AL,36049,3343353374,NotAvailable
10008,LUVERNE,AL,36049,3343353374,NotAvailable
10008,LUVERNE,AL,36049,3343353374,NotAvailable
10008,LUVERNE,AL,36049,3343353374,NotAvailable
10008,LUVERNE,AL,36049,3343353374,NotAvailable
10008,LUVERNE,AL,36049,3343353374,NotAvailable
10008,LUVERNE,AL,36049,3343353374,NotAvailable
10008,LUVERNE,AL,36049,3343353374,NotAvailable
10008,LUVERNE,AL,36049,3343353374,NotAvailable
10008,LUVERNE,AL,36049,3343353374,NotAvailable
10008,LUVERNE,AL,36049,3343353374,NotAvailable
10008,LUVERNE,AL,36049,3343353374,NotAvailable
10008,LUVERNE,AL,36049,3343353374,NotAvailable
10008,LUVERNE,AL,36049,3343353374,NotAvailable
10008,LUVERNE,AL,36049,3343353374,3923
10008,LUVERNE,AL,36049,3343353374,0.141
10008,LUVERNE,AL,36049,3343353374,0
10008,LUVERNE,AL,36049,3343353374,NotAvailable
10008,LUVERNE,AL,36049,3343353374,0.029
10008,LUVERNE,AL,36049,3343353374,2.883
10008,LUVERNE,AL,36049,3343353374,3925
10008,LUVERNE,AL,36049,3343353374,1.711
10008,LUVERNE,AL,36049,3343353374,1
10008,LUVERNE,AL,36049,3343353374,0.585
10011,BIRMINGHAM,AL,35235,2058383122,0.31
10011,BIRMINGHAM,AL,35235,2058383122,0.929
10011,BIRMINGHAM,AL,35235,2058383122,12366
10011,BIRMINGHAM,AL,35235,2058383122,23.333
10011,BIRMINGHAM,AL,35235,2058383122,13
10011,BIRMINGHAM,AL,35235,2058383122,0.557
10011,BIRMINGHAM,AL,35235,2058383122,0.136
10011,BIRMINGHAM,AL,35235,2058383122,0.697
10011,BIRMINGHAM,AL,35235,2058383122,7844
10011,BIRMINGHAM,AL,35235,2058383122,17.907
10011,BIRMINGHAM,AL,35235,2058383122,6
10011,BIRMINGHAM,AL,35235,2058383122,0.335
10011,BIRMINGHAM,AL,35235,2058383122,0.214
10011,BIRMINGHAM,AL,35235,2058383122,0.672
10011,BIRMINGHAM,AL,35235,2058383122,14418
10011,BIRMINGHAM,AL,35235,2058383122,30.354
10011,BIRMINGHAM,AL,35235,2058383122,12
10011,BIRMINGHAM,AL,35235,2058383122,0.395
10011,BIRMINGHAM,AL,35235,2058383122,0.102
10011,BIRMINGHAM,AL,35235,2058383122,0.525
10011,BIRMINGHAM,AL,35235,2058383122,10304
10011,BIRMINGHAM,AL,35235,2058383122,23.772
10011,BIRMINGHAM,AL,35235,2058383122,6
10011,BIRMINGHAM,AL,35235,2058383122,0.252
10011,BIRMINGHAM,AL,35235,2058383122,0.696
10011,BIRMINGHAM,AL,35235,2058383122,2.621
10011,BIRMINGHAM,AL,35235,2058383122,189
10011,BIRMINGHAM,AL,35235,2058383122,6.302
10011,BIRMINGHAM,AL,35235,2058383122,9
10011,BIRMINGHAM,AL,35235,2058383122,1.428
10011,BIRMINGHAM,AL,35235,2058383122,NotAvailable
10011,BIRMINGHAM,AL,35235,2058383122,2.297
10011,BIRMINGHAM,AL,35235,2058383122,119
10011,BIRMINGHAM,AL,35235,2058383122,1.304
10011,BIRMINGHAM,AL,35235,2058383122,0
10011,BIRMINGHAM,AL,35235,2058383122,0
10011,BIRMINGHAM,AL,35235,2058383122,0.324
10011,BIRMINGHAM,AL,35235,2058383122,1.961
10011,BIRMINGHAM,AL,35235,2058383122,92564
10011,BIRMINGHAM,AL,35235,2058383122,5.651
10011,BIRMINGHAM,AL,35235,2058383122,5
10011,BIRMINGHAM,AL,35235,2058383122,0.885
10011,BIRMINGHAM,AL,35235,2058383122,0.54
10011,BIRMINGHAM,AL,35235,2058383122,0.893
10011,BIRMINGHAM,AL,35235,2058383122,92564
10011,BIRMINGHAM,AL,35235,2058383122,87.126
10011,BIRMINGHAM,AL,35235,2058383122,61
10011,BIRMINGHAM,AL,35235,2058383122,0.7
10012,FORTPAYNE,AL,35968,2568453150,NotAvailable
10012,FORTPAYNE,AL,35968,2568453150,NotAvailable
10012,FORTPAYNE,AL,35968,2568453150,497
10012,FORTPAYNE,AL,35968,2568453150,0.66
10012,FORTPAYNE,AL,35968,2568453150,0
10012,FORTPAYNE,AL,35968,2568453150,NotAvailable
10012,FORTPAYNE,AL,35968,2568453150,NotAvailable
10012,FORTPAYNE,AL,35968,2568453150,NotAvailable
10012,FORTPAYNE,AL,35968,2568453150,214
10012,FORTPAYNE,AL,35968,2568453150,0.322
10012,FORTPAYNE,AL,35968,2568453150,0
10012,FORTPAYNE,AL,35968,2568453150,NotAvailable
10012,FORTPAYNE,AL,35968,2568453150,NotAvailable
10012,FORTPAYNE,AL,35968,2568453150,0.695
10012,FORTPAYNE,AL,35968,2568453150,2972
10012,FORTPAYNE,AL,35968,2568453150,4.31
10012,FORTPAYNE,AL,35968,2568453150,0
10012,FORTPAYNE,AL,35968,2568453150,0
10012,FORTPAYNE,AL,35968,2568453150,NotAvailable
10012,FORTPAYNE,AL,35968,2568453150,1.55
10012,FORTPAYNE,AL,35968,2568453150,1487
10012,FORTPAYNE,AL,35968,2568453150,1.933
10012,FORTPAYNE,AL,35968,2568453150,0
10012,FORTPAYNE,AL,35968,2568453150,0
10012,FORTPAYNE,AL,35968,2568453150,NotAvailable
10012,FORTPAYNE,AL,35968,2568453150,NotAvailable
10012,FORTPAYNE,AL,35968,2568453150,19
10012,FORTPAYNE,AL,35968,2568453150,0.575
10012,FORTPAYNE,AL,35968,2568453150,0
10012,FORTPAYNE,AL,35968,2568453150,NotAvailable
10012,FORTPAYNE,AL,35968,2568453150,NotAvailable
10012,FORTPAYNE,AL,35968,2568453150,NotAvailable
10012,FORTPAYNE,AL,35968,2568453150,4
10012,FORTPAYNE,AL,35968,2568453150,0.044
10012,FORTPAYNE,AL,35968,2568453150,0
10012,FORTPAYNE,AL,35968,2568453150,NotAvailable
10012,FORTPAYNE,AL,35968,2568453150,NotAvailable
10012,FORTPAYNE,AL,35968,2568453150,NotAvailable
10012,FORTPAYNE,AL,35968,2568453150,16045
10012,FORTPAYNE,AL,35968,2568453150,0.575
10012,FORTPAYNE,AL,35968,2568453150,0
10012,FORTPAYNE,AL,35968,2568453150,NotAvailable
10012,FORTPAYNE,AL,35968,2568453150,0.038
10012,FORTPAYNE,AL,35968,2568453150,0.743
10012,FORTPAYNE,AL,35968,2568453150,15996
10012,FORTPAYNE,AL,35968,2568453150,8.897
10012,FORTPAYNE,AL,35968,2568453150,2
10012,FORTPAYNE,AL,35968,2568453150,0.225
10016,ALABASTER,AL,35007,2056208100,0.133
10016,ALABASTER,AL,35007,2056208100,0.807
10016,ALABASTER,AL,35007,2056208100,8088
10016,ALABASTER,AL,35007,2056208100,13.734
10016,ALABASTER,AL,35007,2056208100,5
10016,ALABASTER,AL,35007,2056208100,0.364
10016,ALABASTER,AL,35007,2056208100,0.04
10016,ALABASTER,AL,35007,2056208100,0.781
10016,ALABASTER,AL,35007,2056208100,4557
10016,ALABASTER,AL,35007,2056208100,8.466
10016,ALABASTER,AL,35007,2056208100,2
10016,ALABASTER,AL,35007,2056208100,0.236
10016,ALABASTER,AL,35007,2056208100,0.163
10016,ALABASTER,AL,35007,2056208100,0.666
10016,ALABASTER,AL,35007,2056208100,11592
10016,ALABASTER,AL,35007,2056208100,22.812
10016,ALABASTER,AL,35007,2056208100,8
10016,ALABASTER,AL,35007,2056208100,0.351
10016,ALABASTER,AL,35007,2056208100,0.027
10016,ALABASTER,AL,35007,2056208100,0.528
10016,ALABASTER,AL,35007,2056208100,6083
10016,ALABASTER,AL,35007,2056208100,12.512
10016,ALABASTER,AL,35007,2056208100,2
10016,ALABASTER,AL,35007,2056208100,0.16
10016,ALABASTER,AL,35007,2056208100,0.265
10016,ALABASTER,AL,35007,2056208100,1.602
10016,ALABASTER,AL,35007,2056208100,212
10016,ALABASTER,AL,35007,2056208100,6.918
10016,ALABASTER,AL,35007,2056208100,5
10016,ALABASTER,AL,35007,2056208100,0.723
10016,ALABASTER,AL,35007,2056208100,NotAvailable
10016,ALABASTER,AL,35007,2056208100,NotAvailable
10016,ALABASTER,AL,35007,2056208100,91
10016,ALABASTER,AL,35007,2056208100,0.924
10016,ALABASTER,AL,35007,2056208100,1
10016,ALABASTER,AL,35007,2056208100,NotAvailable
10016,ALABASTER,AL,35007,2056208100,0.402
10016,ALABASTER,AL,35007,2056208100,4.301
10016,ALABASTER,AL,35007,2056208100,49590
10016,ALABASTER,AL,35007,2056208100,1.898
10016,ALABASTER,AL,35007,2056208100,3
10016,ALABASTER,AL,35007,2056208100,1.58
10016,ALABASTER,AL,35007,2056208100,0.501
10016,ALABASTER,AL,35007,2056208100,1.102
10016,ALABASTER,AL,35007,2056208100,49590
10016,ALABASTER,AL,35007,2056208100,32.987
10016,ALABASTER,AL,35007,2056208100,25
10016,ALABASTER,AL,35007,2056208100,0.758
10018,BIRMINGHAM,AL,35233,2053258100,NotAvailable
10018,BIRMINGHAM,AL,35233,2053258100,NotAvailable
10018,BIRMINGHAM,AL,35233,2053258100,NotAvailable
10018,BIRMINGHAM,AL,35233,2053258100,NotAvailable
10018,BIRMINGHAM,AL,35233,2053258100,NotAvailable
10018,BIRMINGHAM,AL,35233,2053258100,NotAvailable
10018,BIRMINGHAM,AL,35233,2053258100,NotAvailable
10018,BIRMINGHAM,AL,35233,2053258100,NotAvailable
10018,BIRMINGHAM,AL,35233,2053258100,NotAvailable
10018,BIRMINGHAM,AL,35233,2053258100,NotAvailable
10018,BIRMINGHAM,AL,35233,2053258100,NotAvailable
10018,BIRMINGHAM,AL,35233,2053258100,NotAvailable
10018,BIRMINGHAM,AL,35233,2053258100,NotAvailable
10018,BIRMINGHAM,AL,35233,2053258100,NotAvailable
10018,BIRMINGHAM,AL,35233,2053258100,NotAvailable
10018,BIRMINGHAM,AL,35233,2053258100,NotAvailable
10018,BIRMINGHAM,AL,35233,2053258100,NotAvailable
10018,BIRMINGHAM,AL,35233,2053258100,NotAvailable
10018,BIRMINGHAM,AL,35233,2053258100,NotAvailable
10018,BIRMINGHAM,AL,35233,2053258100,NotAvailable
10018,BIRMINGHAM,AL,35233,2053258100,NotAvailable
10018,BIRMINGHAM,AL,35233,2053258100,NotAvailable
10018,BIRMINGHAM,AL,35233,2053258100,NotAvailable
10018,BIRMINGHAM,AL,35233,2053258100,NotAvailable
10018,BIRMINGHAM,AL,35233,2053258100,NotAvailable
10018,BIRMINGHAM,AL,35233,2053258100,NotAvailable
10018,BIRMINGHAM,AL,35233,2053258100,NotAvailable
10018,BIRMINGHAM,AL,35233,2053258100,NotAvailable
10018,BIRMINGHAM,AL,35233,2053258100,NotAvailable
10018,BIRMINGHAM,AL,35233,2053258100,NotAvailable
10018,BIRMINGHAM,AL,35233,2053258100,NotAvailable
10018,BIRMINGHAM,AL,35233,2053258100,NotAvailable
10018,BIRMINGHAM,AL,35233,2053258100,NotAvailable
10018,BIRMINGHAM,AL,35233,2053258100,NotAvailable
10018,BIRMINGHAM,AL,35233,2053258100,NotAvailable
10018,BIRMINGHAM,AL,35233,2053258100,NotAvailable
10018,BIRMINGHAM,AL,35233,2053258100,NotAvailable
10018,BIRMINGHAM,AL,35233,2053258100,NotAvailable
10018,BIRMINGHAM,AL,35233,2053258100,206
10018,BIRMINGHAM,AL,35233,2053258100,0.009
10018,BIRMINGHAM,AL,35233,2053258100,0
10018,BIRMINGHAM,AL,35233,2053258100,NotAvailable
10018,BIRMINGHAM,AL,35233,2053258100,NotAvailable
10018,BIRMINGHAM,AL,35233,2053258100,NotAvailable
10018,BIRMINGHAM,AL,35233,2053258100,206
10018,BIRMINGHAM,AL,35233,2053258100,0.11
10018,BIRMINGHAM,AL,35233,2053258100,0
10018,BIRMINGHAM,AL,35233,2053258100,NotAvailable
10019,SHEFFIELD,AL,35660,2563864556,0.117
10019,SHEFFIELD,AL,35660,2563864556,2.302
10019,SHEFFIELD,AL,35660,2563864556,1924
10019,SHEFFIELD,AL,35660,2563864556,2.871
10019,SHEFFIELD,AL,35660,2563864556,2
10019,SHEFFIELD,AL,35660,2563864556,0.697
10019,SHEFFIELD,AL,35660,2563864556,0.045
10019,SHEFFIELD,AL,35660,2563864556,4.443
10019,SHEFFIELD,AL,35660,2563864556,739
10019,SHEFFIELD,AL,35660,2563864556,1.11
10019,SHEFFIELD,AL,35660,2563864556,1
10019,SHEFFIELD,AL,35660,2563864556,0.901
10019,SHEFFIELD,AL,35660,2563864556,0.004
10019,SHEFFIELD,AL,35660,2563864556,0.439
10019,SHEFFIELD,AL,35660,2563864556,6523
10019,SHEFFIELD,AL,35660,2563864556,11.238
10019,SHEFFIELD,AL,35660,2563864556,1
10019,SHEFFIELD,AL,35660,2563864556,0.089
10019,SHEFFIELD,AL,35660,2563864556,NotAvailable
10019,SHEFFIELD,AL,35660,2563864556,1.389
10019,SHEFFIELD,AL,35660,2563864556,1658
10019,SHEFFIELD,AL,35660,2563864556,2.156
10019,SHEFFIELD,AL,35660,2563864556,0
10019,SHEFFIELD,AL,35660,2563864556,0
10019,SHEFFIELD,AL,35660,2563864556,0.021
10019,SHEFFIELD,AL,35660,2563864556,2.085
10019,SHEFFIELD,AL,35660,2563864556,72
10019,SHEFFIELD,AL,35660,2563864556,2.365
10019,SHEFFIELD,AL,35660,2563864556,1
10019,SHEFFIELD,AL,35660,2563864556,0.423
10019,SHEFFIELD,AL,35660,2563864556,NotAvailable
10019,SHEFFIELD,AL,35660,2563864556,NotAvailable
10019,SHEFFIELD,AL,35660,2563864556,26
10019,SHEFFIELD,AL,35660,2563864556,0.269
10019,SHEFFIELD,AL,35660,2563864556,1
10019,SHEFFIELD,AL,35660,2563864556,NotAvailable
10019,SHEFFIELD,AL,35660,2563864556,0.455
10019,SHEFFIELD,AL,35660,2563864556,4.866
10019,SHEFFIELD,AL,35660,2563864556,28041
10019,SHEFFIELD,AL,35660,2563864556,1.678
10019,SHEFFIELD,AL,35660,2563864556,3
10019,SHEFFIELD,AL,35660,2563864556,1.788
10019,SHEFFIELD,AL,35660,2563864556,0.15
10019,SHEFFIELD,AL,35660,2563864556,0.772
10019,SHEFFIELD,AL,35660,2563864556,25154
10019,SHEFFIELD,AL,35660,2563864556,16.161
10019,SHEFFIELD,AL,35660,2563864556,6
10019,SHEFFIELD,AL,35660,2563864556,0.371
10021,OZARK,AL,36360,3347742601,NotAvailable
10021,OZARK,AL,36360,3347742601,NotAvailable
10021,OZARK,AL,36360,3347742601,331
10021,OZARK,AL,36360,3347742601,0.435
10021,OZARK,AL,36360,3347742601,0
10021,OZARK,AL,36360,3347742601,NotAvailable
10021,OZARK,AL,36360,3347742601,NotAvailable
10021,OZARK,AL,36360,3347742601,NotAvailable
10021,OZARK,AL,36360,3347742601,127
10021,OZARK,AL,36360,3347742601,0.192
10021,OZARK,AL,36360,3347742601,0
10021,OZARK,AL,36360,3347742601,NotAvailable
10021,OZARK,AL,36360,3347742601,NotAvailable
10021,OZARK,AL,36360,3347742601,1.553
10021,OZARK,AL,36360,3347742601,1313
10021,OZARK,AL,36360,3347742601,1.929
10021,OZARK,AL,36360,3347742601,0
10021,OZARK,AL,36360,3347742601,0
10021,OZARK,AL,36360,3347742601,NotAvailable
10021,OZARK,AL,36360,3347742601,NotAvailable
10021,OZARK,AL,36360,3347742601,573
10021,OZARK,AL,36360,3347742601,0.745
10021,OZARK,AL,36360,3347742601,0
10021,OZARK,AL,36360,3347742601,NotAvailable
10021,OZARK,AL,36360,3347742601,NotAvailable
10021,OZARK,AL,36360,3347742601,NotAvailable
10021,OZARK,AL,36360,3347742601,11
10021,OZARK,AL,36360,3347742601,0.377
10021,OZARK,AL,36360,3347742601,0
10021,OZARK,AL,36360,3347742601,NotAvailable
10021,OZARK,AL,36360,3347742601,NotAvailable
10021,OZARK,AL,36360,3347742601,NotAvailable
10021,OZARK,AL,36360,3347742601,NotAvailable
10021,OZARK,AL,36360,3347742601,NotAvailable
10021,OZARK,AL,36360,3347742601,NotAvailable
10021,OZARK,AL,36360,3347742601,NotAvailable
10021,OZARK,AL,36360,3347742601,NotAvailable
10021,OZARK,AL,36360,3347742601,NotAvailable
10021,OZARK,AL,36360,3347742601,9079
10021,OZARK,AL,36360,3347742601,0.377
10021,OZARK,AL,36360,3347742601,0
10021,OZARK,AL,36360,3347742601,NotAvailable
10021,OZARK,AL,36360,3347742601,0.012
10021,OZARK,AL,36360,3347742601,1.194
10021,OZARK,AL,36360,3347742601,9079
10021,OZARK,AL,36360,3347742601,4.132
10021,OZARK,AL,36360,3347742601,1
10021,OZARK,AL,36360,3347742601,0.242
10022,CENTRE,AL,35960,2569275531,NotAvailable
10022,CENTRE,AL,35960,2569275531,NotAvailable
10022,CENTRE,AL,35960,2569275531,86
10022,CENTRE,AL,35960,2569275531,0.103
10022,CENTRE,AL,35960,2569275531,0
10022,CENTRE,AL,35960,2569275531,NotAvailable
10022,CENTRE,AL,35960,2569275531,NotAvailable
10022,CENTRE,AL,35960,2569275531,NotAvailable
10022,CENTRE,AL,35960,2569275531,NotAvailable
10022,CENTRE,AL,35960,2569275531,NotAvailable
10022,CENTRE,AL,35960,2569275531,NotAvailable
10022,CENTRE,AL,35960,2569275531,NotAvailable
10022,CENTRE,AL,35960,2569275531,NotAvailable
10022,CENTRE,AL,35960,2569275531,NotAvailable
10022,CENTRE,AL,35960,2569275531,421
10022,CENTRE,AL,35960,2569275531,0.674
10022,CENTRE,AL,35960,2569275531,0
10022,CENTRE,AL,35960,2569275531,NotAvailable
10022,CENTRE,AL,35960,2569275531,NotAvailable
10022,CENTRE,AL,35960,2569275531,NotAvailable
10022,CENTRE,AL,35960,2569275531,NotAvailable
10022,CENTRE,AL,35960,2569275531,NotAvailable
10022,CENTRE,AL,35960,2569275531,NotAvailable
10022,CENTRE,AL,35960,2569275531,NotAvailable
10022,CENTRE,AL,35960,2569275531,NotAvailable
10022,CENTRE,AL,35960,2569275531,NotAvailable
10022,CENTRE,AL,35960,2569275531,NotAvailable
10022,CENTRE,AL,35960,2569275531,NotAvailable
10022,CENTRE,AL,35960,2569275531,NotAvailable
10022,CENTRE,AL,35960,2569275531,NotAvailable
10022,CENTRE,AL,35960,2569275531,NotAvailable
10022,CENTRE,AL,35960,2569275531,NotAvailable
10022,CENTRE,AL,35960,2569275531,NotAvailable
10022,CENTRE,AL,35960,2569275531,NotAvailable
10022,CENTRE,AL,35960,2569275531,NotAvailable
10022,CENTRE,AL,35960,2569275531,NotAvailable
10022,CENTRE,AL,35960,2569275531,NotAvailable
10022,CENTRE,AL,35960,2569275531,NotAvailable
10022,CENTRE,AL,35960,2569275531,3137
10022,CENTRE,AL,35960,2569275531,0.112
10022,CENTRE,AL,35960,2569275531,0
10022,CENTRE,AL,35960,2569275531,NotAvailable
10022,CENTRE,AL,35960,2569275531,NotAvailable
10022,CENTRE,AL,35960,2569275531,2.19
10022,CENTRE,AL,35960,2569275531,3137
10022,CENTRE,AL,35960,2569275531,1.368
10022,CENTRE,AL,35960,2569275531,0
10022,CENTRE,AL,35960,2569275531,0
10023,MONTGOMERY,AL,36116,3342882100,0.815
10023,MONTGOMERY,AL,36116,3342882100,1.519
10023,MONTGOMERY,AL,36116,3342882100,15673
10023,MONTGOMERY,AL,36116,3342882100,35.518
10023,MONTGOMERY,AL,36116,3342882100,40
10023,MONTGOMERY,AL,36116,3342882100,1.126
10023,MONTGOMERY,AL,36116,3342882100,0.524
10023,MONTGOMERY,AL,36116,3342882100,1.191
10023,MONTGOMERY,AL,36116,3342882100,10832
10023,MONTGOMERY,AL,36116,3342882100,28.516
10023,MONTGOMERY,AL,36116,3342882100,23
10023,MONTGOMERY,AL,36116,3342882100,0.807
10023,MONTGOMERY,AL,36116,3342882100,0.565
10023,MONTGOMERY,AL,36116,3342882100,1.132
10023,MONTGOMERY,AL,36116,3342882100,16374
10023,MONTGOMERY,AL,36116,3342882100,39.434
10023,MONTGOMERY,AL,36116,3342882100,32
10023,MONTGOMERY,AL,36116,3342882100,0.811
10023,MONTGOMERY,AL,36116,3342882100,0.607
10023,MONTGOMERY,AL,36116,3342882100,1.295
10023,MONTGOMERY,AL,36116,3342882100,11201
10023,MONTGOMERY,AL,36116,3342882100,29.918
10023,MONTGOMERY,AL,36116,3342882100,27
10023,MONTGOMERY,AL,36116,3342882100,0.902
10023,MONTGOMERY,AL,36116,3342882100,0.395
10023,MONTGOMERY,AL,36116,3342882100,2.997
10023,MONTGOMERY,AL,36116,3342882100,89
10023,MONTGOMERY,AL,36116,3342882100,3.219
10023,MONTGOMERY,AL,36116,3342882100,4
10023,MONTGOMERY,AL,36116,3342882100,1.243
10023,MONTGOMERY,AL,36116,3342882100,0.046
10023,MONTGOMERY,AL,36116,3342882100,4.567
10023,MONTGOMERY,AL,36116,3342882100,87
10023,MONTGOMERY,AL,36116,3342882100,1.08
10023,MONTGOMERY,AL,36116,3342882100,1
10023,MONTGOMERY,AL,36116,3342882100,0.926
10023,MONTGOMERY,AL,36116,3342882100,1.19
10023,MONTGOMERY,AL,36116,3342882100,4.176
10023,MONTGOMERY,AL,36116,3342882100,95037
10023,MONTGOMERY,AL,36116,3342882100,4.268
10023,MONTGOMERY,AL,36116,3342882100,10
10023,MONTGOMERY,AL,36116,3342882100,2.343
10023,MONTGOMERY,AL,36116,3342882100,0.705
10023,MONTGOMERY,AL,36116,3342882100,1.161
10023,MONTGOMERY,AL,36116,3342882100,84354
10023,MONTGOMERY,AL,36116,3342882100,68.006
10023,MONTGOMERY,AL,36116,3342882100,62
10023,MONTGOMERY,AL,36116,3342882100,0.912
10024,MONTGOMERY,AL,36106,3342938000,1.053
10024,MONTGOMERY,AL,36106,3342938000,2.744
10024,MONTGOMERY,AL,36106,3342938000,6927
10024,MONTGOMERY,AL,36106,3342938000,9.719
10024,MONTGOMERY,AL,36106,3342938000,17
10024,MONTGOMERY,AL,36106,3342938000,1.749
10024,MONTGOMERY,AL,36106,3342938000,0.766
10024,MONTGOMERY,AL,36106,3342938000,2.531
10024,MONTGOMERY,AL,36106,3342938000,5124
10024,MONTGOMERY,AL,36106,3342938000,7.555
10024,MONTGOMERY,AL,36106,3342938000,11
10024,MONTGOMERY,AL,36106,3342938000,1.456
10024,MONTGOMERY,AL,36106,3342938000,0.358
10024,MONTGOMERY,AL,36106,3342938000,1.257
10024,MONTGOMERY,AL,36106,3342938000,9986
10024,MONTGOMERY,AL,36106,3342938000,14.186
10024,MONTGOMERY,AL,36106,3342938000,10
10024,MONTGOMERY,AL,36106,3342938000,0.705
10024,MONTGOMERY,AL,36106,3342938000,0.405
10024,MONTGOMERY,AL,36106,3342938000,1.525
10024,MONTGOMERY,AL,36106,3342938000,7887
10024,MONTGOMERY,AL,36106,3342938000,10.828
10024,MONTGOMERY,AL,36106,3342938000,9
10024,MONTGOMERY,AL,36106,3342938000,0.831
10024,MONTGOMERY,AL,36106,3342938000,0.156
10024,MONTGOMERY,AL,36106,3342938000,1.666
10024,MONTGOMERY,AL,36106,3342938000,140
10024,MONTGOMERY,AL,36106,3342938000,4.902
10024,MONTGOMERY,AL,36106,3342938000,3
10024,MONTGOMERY,AL,36106,3342938000,0.612
10024,MONTGOMERY,AL,36106,3342938000,0.742
10024,MONTGOMERY,AL,36106,3342938000,5.629
10024,MONTGOMERY,AL,36106,3342938000,146
10024,MONTGOMERY,AL,36106,3342938000,1.714
10024,MONTGOMERY,AL,36106,3342938000,4
10024,MONTGOMERY,AL,36106,3342938000,2.334
10024,MONTGOMERY,AL,36106,3342938000,1.694
10024,MONTGOMERY,AL,36106,3342938000,6.374
10024,MONTGOMERY,AL,36106,3342938000,67631
10024,MONTGOMERY,AL,36106,3342938000,2.591
10024,MONTGOMERY,AL,36106,3342938000,9
10024,MONTGOMERY,AL,36106,3342938000,3.474
10024,MONTGOMERY,AL,36106,3342938000,0.684
10024,MONTGOMERY,AL,36106,3342938000,1.284
10024,MONTGOMERY,AL,36106,3342938000,64683
10024,MONTGOMERY,AL,36106,3342938000,41.092
10024,MONTGOMERY,AL,36106,3342938000,39
10024,MONTGOMERY,AL,36106,3342938000,0.949
10029,OPELIKA,AL,36801,3347493411,0.373
10029,OPELIKA,AL,36801,3347493411,1.403
10029,OPELIKA,AL,36801,3347493411,8502
10029,OPELIKA,AL,36801,3347493411,11.774
10029,OPELIKA,AL,36801,3347493411,9
10029,OPELIKA,AL,36801,3347493411,0.764
10029,OPELIKA,AL,36801,3347493411,0.379
10029,OPELIKA,AL,36801,3347493411,2.293
10029,OPELIKA,AL,36801,3347493411,3198
10029,OPELIKA,AL,36801,3347493411,4.834
10029,OPELIKA,AL,36801,3347493411,5
10029,OPELIKA,AL,36801,3347493411,1.034
10029,OPELIKA,AL,36801,3347493411,0.122
10029,OPELIKA,AL,36801,3347493411,0.739
10029,OPELIKA,AL,36801,3347493411,9543
10029,OPELIKA,AL,36801,3347493411,15.003
10029,OPELIKA,AL,36801,3347493411,5
10029,OPELIKA,AL,36801,3347493411,0.333
10029,OPELIKA,AL,36801,3347493411,0.058
10029,OPELIKA,AL,36801,3347493411,1.134
10029,OPELIKA,AL,36801,3347493411,4167
10029,OPELIKA,AL,36801,3347493411,5.828
10029,OPELIKA,AL,36801,3347493411,2
10029,OPELIKA,AL,36801,3347493411,0.343
10029,OPELIKA,AL,36801,3347493411,0.062
10029,OPELIKA,AL,36801,3347493411,1.222
10029,OPELIKA,AL,36801,3347493411,172
10029,OPELIKA,AL,36801,3347493411,5.407
10029,OPELIKA,AL,36801,3347493411,2
10029,OPELIKA,AL,36801,3347493411,0.37
10029,OPELIKA,AL,36801,3347493411,0.716
10029,OPELIKA,AL,36801,3347493411,3.675
10029,OPELIKA,AL,36801,3347493411,408
10029,OPELIKA,AL,36801,3347493411,3.396
10029,OPELIKA,AL,36801,3347493411,6
10029,OPELIKA,AL,36801,3347493411,1.767
10029,OPELIKA,AL,36801,3347493411,0.315
10029,OPELIKA,AL,36801,3347493411,2.395
10029,OPELIKA,AL,36801,3347493411,84114
10029,OPELIKA,AL,36801,3347493411,4.029
10029,OPELIKA,AL,36801,3347493411,4
10029,OPELIKA,AL,36801,3347493411,0.993
10029,OPELIKA,AL,36801,3347493411,0.45
10029,OPELIKA,AL,36801,3347493411,0.867
10029,OPELIKA,AL,36801,3347493411,79432
10029,OPELIKA,AL,36801,3347493411,56.844
10029,OPELIKA,AL,36801,3347493411,36
10029,OPELIKA,AL,36801,3347493411,0.633
10032,WEDOWEE,AL,36278,2563572111,NotAvailable
10032,WEDOWEE,AL,36278,2563572111,NotAvailable
10032,WEDOWEE,AL,36278,2563572111,NotAvailable
10032,WEDOWEE,AL,36278,2563572111,NotAvailable
10032,WEDOWEE,AL,36278,2563572111,NotAvailable
10032,WEDOWEE,AL,36278,2563572111,NotAvailable
10032,WEDOWEE,AL,36278,2563572111,NotAvailable
10032,WEDOWEE,AL,36278,2563572111,NotAvailable
10032,WEDOWEE,AL,36278,2563572111,NotAvailable
10032,WEDOWEE,AL,36278,2563572111,NotAvailable
10032,WEDOWEE,AL,36278,2563572111,NotAvailable
10032,WEDOWEE,AL,36278,2563572111,NotAvailable
10032,WEDOWEE,AL,36278,2563572111,NotAvailable
10032,WEDOWEE,AL,36278,2563572111,NotAvailable
10032,WEDOWEE,AL,36278,2563572111,358
10032,WEDOWEE,AL,36278,2563572111,0.68
10032,WEDOWEE,AL,36278,2563572111,0
10032,WEDOWEE,AL,36278,2563572111,NotAvailable
10032,WEDOWEE,AL,36278,2563572111,NotAvailable
10032,WEDOWEE,AL,36278,2563572111,NotAvailable
10032,WEDOWEE,AL,36278,2563572111,NotAvailable
10032,WEDOWEE,AL,36278,2563572111,NotAvailable
10032,WEDOWEE,AL,36278,2563572111,NotAvailable
10032,WEDOWEE,AL,36278,2563572111,NotAvailable
10032,WEDOWEE,AL,36278,2563572111,NotAvailable
10032,WEDOWEE,AL,36278,2563572111,NotAvailable
10032,WEDOWEE,AL,36278,2563572111,NotAvailable
10032,WEDOWEE,AL,36278,2563572111,NotAvailable
10032,WEDOWEE,AL,36278,2563572111,NotAvailable
10032,WEDOWEE,AL,36278,2563572111,NotAvailable
10032,WEDOWEE,AL,36278,2563572111,NotAvailable
10032,WEDOWEE,AL,36278,2563572111,NotAvailable
10032,WEDOWEE,AL,36278,2563572111,NotAvailable
10032,WEDOWEE,AL,36278,2563572111,NotAvailable
10032,WEDOWEE,AL,36278,2563572111,NotAvailable
10032,WEDOWEE,AL,36278,2563572111,NotAvailable
10032,WEDOWEE,AL,36278,2563572111,NotAvailable
10032,WEDOWEE,AL,36278,2563572111,NotAvailable
10032,WEDOWEE,AL,36278,2563572111,1173
10032,WEDOWEE,AL,36278,2563572111,0.03
10032,WEDOWEE,AL,36278,2563572111,0
10032,WEDOWEE,AL,36278,2563572111,NotAvailable
10032,WEDOWEE,AL,36278,2563572111,NotAvailable
10032,WEDOWEE,AL,36278,2563572111,NotAvailable
10032,WEDOWEE,AL,36278,2563572111,1173
10032,WEDOWEE,AL,36278,2563572111,0.636
10032,WEDOWEE,AL,36278,2563572111,0
10032,WEDOWEE,AL,36278,2563572111,NotAvailable
10033,BIRMINGHAM,AL,35233,2059344011,0.693
10033,BIRMINGHAM,AL,35233,2059344011,1.05
10033,BIRMINGHAM,AL,35233,2059344011,46464
10033,BIRMINGHAM,AL,35233,2059344011,103.809
10033,BIRMINGHAM,AL,35233,2059344011,89
10033,BIRMINGHAM,AL,35233,2059344011,0.857
10033,BIRMINGHAM,AL,35233,2059344011,0.578
10033,BIRMINGHAM,AL,35233,2059344011,0.937
10033,BIRMINGHAM,AL,35233,2059344011,36121
10033,BIRMINGHAM,AL,35233,2059344011,89.01
10033,BIRMINGHAM,AL,35233,2059344011,66
10033,BIRMINGHAM,AL,35233,2059344011,0.741
10033,BIRMINGHAM,AL,35233,2059344011,0.223
10033,BIRMINGHAM,AL,35233,2059344011,0.416
10033,BIRMINGHAM,AL,35233,2059344011,45864
10033,BIRMINGHAM,AL,35233,2059344011,129.78
10033,BIRMINGHAM,AL,35233,2059344011,40
10033,BIRMINGHAM,AL,35233,2059344011,0.308
10033,BIRMINGHAM,AL,35233,2059344011,0.235
10033,BIRMINGHAM,AL,35233,2059344011,0.444
10033,BIRMINGHAM,AL,35233,2059344011,38413
10033,BIRMINGHAM,AL,35233,2059344011,116.283
10033,BIRMINGHAM,AL,35233,2059344011,38
10033,BIRMINGHAM,AL,35233,2059344011,0.327
10033,BIRMINGHAM,AL,35233,2059344011,0.633
10033,BIRMINGHAM,AL,35233,2059344011,1.497
10033,BIRMINGHAM,AL,35233,2059344011,546
10033,BIRMINGHAM,AL,35233,2059344011,21.073
10033,BIRMINGHAM,AL,35233,2059344011,21
10033,BIRMINGHAM,AL,35233,2059344011,0.997
10033,BIRMINGHAM,AL,35233,2059344011,0.357
10033,BIRMINGHAM,AL,35233,2059344011,1.459
10033,BIRMINGHAM,AL,35233,2059344011,777
10033,BIRMINGHAM,AL,35233,2059344011,10.412
10033,BIRMINGHAM,AL,35233,2059344011,8
10033,BIRMINGHAM,AL,35233,2059344011,0.768
10033,BIRMINGHAM,AL,35233,2059344011,0.955
10033,BIRMINGHAM,AL,35233,2059344011,1.638
10033,BIRMINGHAM,AL,35233,2059344011,323368
10033,BIRMINGHAM,AL,35233,2059344011,41.996
10033,BIRMINGHAM,AL,35233,2059344011,53
10033,BIRMINGHAM,AL,35233,2059344011,1.262
10033,BIRMINGHAM,AL,35233,2059344011,0.709
10033,BIRMINGHAM,AL,35233,2059344011,0.938
10033,BIRMINGHAM,AL,35233,2059344011,275940
10033,BIRMINGHAM,AL,35233,2059344011,239.862
10033,BIRMINGHAM,AL,35233,2059344011,196
10033,BIRMINGHAM,AL,35233,2059344011,0.817
10034,TALLASSEE,AL,36078,3342836541,NotAvailable
10034,TALLASSEE,AL,36078,3342836541,NotAvailable
10034,TALLASSEE,AL,36078,3342836541,51
10034,TALLASSEE,AL,36078,3342836541,0.078
10034,TALLASSEE,AL,36078,3342836541,0
10034,TALLASSEE,AL,36078,3342836541,NotAvailable
10034,TALLASSEE,AL,36078,3342836541,NotAvailable
10034,TALLASSEE,AL,36078,3342836541,NotAvailable
10034,TALLASSEE,AL,36078,3342836541,51
10034,TALLASSEE,AL,36078,3342836541,0.078
10034,TALLASSEE,AL,36078,3342836541,0
10034,TALLASSEE,AL,36078,3342836541,NotAvailable
10034,TALLASSEE,AL,36078,3342836541,0.033
10034,TALLASSEE,AL,36078,3342836541,3.251
10034,TALLASSEE,AL,36078,3342836541,1012
10034,TALLASSEE,AL,36078,3342836541,1.517
10034,TALLASSEE,AL,36078,3342836541,1
10034,TALLASSEE,AL,36078,3342836541,0.659
10034,TALLASSEE,AL,36078,3342836541,NotAvailable
10034,TALLASSEE,AL,36078,3342836541,NotAvailable
10034,TALLASSEE,AL,36078,3342836541,340
10034,TALLASSEE,AL,36078,3342836541,0.443
10034,TALLASSEE,AL,36078,3342836541,0
10034,TALLASSEE,AL,36078,3342836541,NotAvailable
10034,TALLASSEE,AL,36078,3342836541,NotAvailable
10034,TALLASSEE,AL,36078,3342836541,NotAvailable
10034,TALLASSEE,AL,36078,3342836541,5
10034,TALLASSEE,AL,36078,3342836541,0.188
10034,TALLASSEE,AL,36078,3342836541,0
10034,TALLASSEE,AL,36078,3342836541,NotAvailable
10034,TALLASSEE,AL,36078,3342836541,NotAvailable
10034,TALLASSEE,AL,36078,3342836541,NotAvailable
10034,TALLASSEE,AL,36078,3342836541,NotAvailable
10034,TALLASSEE,AL,36078,3342836541,NotAvailable
10034,TALLASSEE,AL,36078,3342836541,NotAvailable
10034,TALLASSEE,AL,36078,3342836541,NotAvailable
10034,TALLASSEE,AL,36078,3342836541,NotAvailable
10034,TALLASSEE,AL,36078,3342836541,NotAvailable
10034,TALLASSEE,AL,36078,3342836541,5553
10034,TALLASSEE,AL,36078,3342836541,0.473
10034,TALLASSEE,AL,36078,3342836541,1
10034,TALLASSEE,AL,36078,3342836541,NotAvailable
10034,TALLASSEE,AL,36078,3342836541,0.221
10034,TALLASSEE,AL,36078,3342836541,2.365
10034,TALLASSEE,AL,36078,3342836541,5553
10034,TALLASSEE,AL,36078,3342836541,3.453
10034,TALLASSEE,AL,36078,3342836541,3
10034,TALLASSEE,AL,36078,3342836541,0.869
10035,CULLMAN,AL,35058,2567372000,0.009
10035,CULLMAN,AL,35058,2567372000,0.864
10035,CULLMAN,AL,35058,2567372000,3583
10035,CULLMAN,AL,35058,2567372000,5.707
10035,CULLMAN,AL,35058,2567372000,1
10035,CULLMAN,AL,35058,2567372000,0.175
10035,CULLMAN,AL,35058,2567372000,NotAvailable
10035,CULLMAN,AL,35058,2567372000,1.47
10035,CULLMAN,AL,35058,2567372000,1073
10035,CULLMAN,AL,35058,2567372000,2.038
10035,CULLMAN,AL,35058,2567372000,0
10035,CULLMAN,AL,35058,2567372000,0
10035,CULLMAN,AL,35058,2567372000,0.214
10035,CULLMAN,AL,35058,2567372000,0.969
10035,CULLMAN,AL,35058,2567372000,7537
10035,CULLMAN,AL,35058,2567372000,14.284
10035,CULLMAN,AL,35058,2567372000,7
10035,CULLMAN,AL,35058,2567372000,0.49
10035,CULLMAN,AL,35058,2567372000,0.013
10035,CULLMAN,AL,35058,2567372000,1.253
10035,CULLMAN,AL,35058,2567372000,1968
10035,CULLMAN,AL,35058,2567372000,3.936
10035,CULLMAN,AL,35058,2567372000,1
10035,CULLMAN,AL,35058,2567372000,0.254
10035,CULLMAN,AL,35058,2567372000,0.031
10035,CULLMAN,AL,35058,2567372000,3.026
10035,CULLMAN,AL,35058,2567372000,49
10035,CULLMAN,AL,35058,2567372000,1.63
10035,CULLMAN,AL,35058,2567372000,1
10035,CULLMAN,AL,35058,2567372000,0.613
10035,CULLMAN,AL,35058,2567372000,NotAvailable
10035,CULLMAN,AL,35058,2567372000,NotAvailable
10035,CULLMAN,AL,35058,2567372000,38
10035,CULLMAN,AL,35058,2567372000,0.398
10035,CULLMAN,AL,35058,2567372000,0
10035,CULLMAN,AL,35058,2567372000,NotAvailable
10035,CULLMAN,AL,35058,2567372000,0.492
10035,CULLMAN,AL,35058,2567372000,5.261
10035,CULLMAN,AL,35058,2567372000,30889
10035,CULLMAN,AL,35058,2567372000,1.552
10035,CULLMAN,AL,35058,2567372000,3
10035,CULLMAN,AL,35058,2567372000,1.933
10035,CULLMAN,AL,35058,2567372000,0.052
10035,CULLMAN,AL,35058,2567372000,0.553
10035,CULLMAN,AL,35058,2567372000,29483
10035,CULLMAN,AL,35058,2567372000,14.756
10035,CULLMAN,AL,35058,2567372000,3
10035,CULLMAN,AL,35058,2567372000,0.203
10036,ANDALUSIA,AL,36420,3342228466,NotAvailable
10036,ANDALUSIA,AL,36420,3342228466,NotAvailable
10036,ANDALUSIA,AL,36420,3342228466,152
10036,ANDALUSIA,AL,36420,3342228466,0.229
10036,ANDALUSIA,AL,36420,3342228466,0
10036,ANDALUSIA,AL,36420,3342228466,NotAvailable
10036,ANDALUSIA,AL,36420,3342228466,NotAvailable
10036,ANDALUSIA,AL,36420,3342228466,NotAvailable
10036,ANDALUSIA,AL,36420,3342228466,152
10036,ANDALUSIA,AL,36420,3342228466,0.229
10036,ANDALUSIA,AL,36420,3342228466,0
10036,ANDALUSIA,AL,36420,3342228466,NotAvailable
10036,ANDALUSIA,AL,36420,3342228466,NotAvailable
10036,ANDALUSIA,AL,36420,3342228466,1.171
10036,ANDALUSIA,AL,36420,3342228466,1646
10036,ANDALUSIA,AL,36420,3342228466,2.559
10036,ANDALUSIA,AL,36420,3342228466,0
10036,ANDALUSIA,AL,36420,3342228466,0
10036,ANDALUSIA,AL,36420,3342228466,NotAvailable
10036,ANDALUSIA,AL,36420,3342228466,2.507
10036,ANDALUSIA,AL,36420,3342228466,919
10036,ANDALUSIA,AL,36420,3342228466,1.195
10036,ANDALUSIA,AL,36420,3342228466,0
10036,ANDALUSIA,AL,36420,3342228466,0
10036,ANDALUSIA,AL,36420,3342228466,NotAvailable
10036,ANDALUSIA,AL,36420,3342228466,NotAvailable
10036,ANDALUSIA,AL,36420,3342228466,10
10036,ANDALUSIA,AL,36420,3342228466,0.327
10036,ANDALUSIA,AL,36420,3342228466,0
10036,ANDALUSIA,AL,36420,3342228466,NotAvailable
10036,ANDALUSIA,AL,36420,3342228466,NotAvailable
10036,ANDALUSIA,AL,36420,3342228466,NotAvailable
10036,ANDALUSIA,AL,36420,3342228466,5
10036,ANDALUSIA,AL,36420,3342228466,0.065
10036,ANDALUSIA,AL,36420,3342228466,0
10036,ANDALUSIA,AL,36420,3342228466,NotAvailable
10036,ANDALUSIA,AL,36420,3342228466,NotAvailable
10036,ANDALUSIA,AL,36420,3342228466,NotAvailable
10036,ANDALUSIA,AL,36420,3342228466,16956
10036,ANDALUSIA,AL,36420,3342228466,0.607
10036,ANDALUSIA,AL,36420,3342228466,1
10036,ANDALUSIA,AL,36420,3342228466,NotAvailable
10036,ANDALUSIA,AL,36420,3342228466,0.047
10036,ANDALUSIA,AL,36420,3342228466,0.922
10036,ANDALUSIA,AL,36420,3342228466,15607
10036,ANDALUSIA,AL,36420,3342228466,7.167
10036,ANDALUSIA,AL,36420,3342228466,2
10036,ANDALUSIA,AL,36420,3342228466,0.279
10038,ANNISTON,AL,36201,2562358900,NotAvailable
10038,ANNISTON,AL,36201,2562358900,NotAvailable
10038,ANNISTON,AL,36201,2562358900,771
10038,ANNISTON,AL,36201,2562358900,0.98
10038,ANNISTON,AL,36201,2562358900,1
10038,ANNISTON,AL,36201,2562358900,NotAvailable
10038,ANNISTON,AL,36201,2562358900,NotAvailable
10038,ANNISTON,AL,36201,2562358900,NotAvailable
10038,ANNISTON,AL,36201,2562358900,184
10038,ANNISTON,AL,36201,2562358900,0.277
10038,ANNISTON,AL,36201,2562358900,0
10038,ANNISTON,AL,36201,2562358900,NotAvailable
10038,ANNISTON,AL,36201,2562358900,0.221
10038,ANNISTON,AL,36201,2562358900,2.361
10038,ANNISTON,AL,36201,2562358900,2288
10038,ANNISTON,AL,36201,2562358900,3.458
10038,ANNISTON,AL,36201,2562358900,3
10038,ANNISTON,AL,36201,2562358900,0.868
10038,ANNISTON,AL,36201,2562358900,NotAvailable
10038,ANNISTON,AL,36201,2562358900,NotAvailable
10038,ANNISTON,AL,36201,2562358900,679
10038,ANNISTON,AL,36201,2562358900,0.882
10038,ANNISTON,AL,36201,2562358900,2
10038,ANNISTON,AL,36201,2562358900,NotAvailable
10038,ANNISTON,AL,36201,2562358900,NotAvailable
10038,ANNISTON,AL,36201,2562358900,NotAvailable
10038,ANNISTON,AL,36201,2562358900,26
10038,ANNISTON,AL,36201,2562358900,0.888
10038,ANNISTON,AL,36201,2562358900,1
10038,ANNISTON,AL,36201,2562358900,NotAvailable
10038,ANNISTON,AL,36201,2562358900,NotAvailable
10038,ANNISTON,AL,36201,2562358900,NotAvailable
10038,ANNISTON,AL,36201,2562358900,4
10038,ANNISTON,AL,36201,2562358900,0.063
10038,ANNISTON,AL,36201,2562358900,0
10038,ANNISTON,AL,36201,2562358900,NotAvailable
10038,ANNISTON,AL,36201,2562358900,NotAvailable
10038,ANNISTON,AL,36201,2562358900,NotAvailable
10038,ANNISTON,AL,36201,2562358900,11174
10038,ANNISTON,AL,36201,2562358900,0.4